idProduct,,,,caracteristique,price,rating,marque
1639008752-20,,,,"Ulefone Note 10 32Go+2Go Octa-Core, 6,52Pouce, 8MP AI Triple Caméra, Fingerprint",980.00 Dhs,null,Ulefone
1639008719-7,,,,Vivo V20 (8/128) 44AF Selfie - Sunset Melody +Cadeaux(Booknote + Mug + Selfie Stick + cable),"5,400.00 Dhs",null,Vivo
1639009401-151,,,,"XIAOMI Redmi Note 8 6.53'' (4Go, 64Go) 4 Camera 48Mp -2Mp -8Mp - 2Mp -Noir + KIT i 11+ Bras Selfi","1,890.00 Dhs",4.1,XIAOMI
1639009993-324,,,,"XIAOMI Redmi 9T (4Go+128Go) 48MP 6000 mAh -FHD+ 6.53""-Snapdragon -Orange","1,864.00 Dhs",4,XIAOMI
1639010017-332,,,,"Samsung Galaxy A12 - 6.5"" - 64Go - 4Go - Android 10 - 5000mAh - Blanc + Band + Ècouteur","1,799.00 Dhs",4,Samsung
1639009601-208,,,,"Oppo A31 6.5"" (4Go, 128Go) 12MP+2MP+2MP/8MP Android - Vert","2,070.00 Dhs",5,Oppo
1639010518-428,,,,"Ulefone Note 7, 1GB+16GB, Triple Back Cameras,Ecran Waterdrop.",780.00 Dhs,null,Ulefone
1639010340-394,,,,"Samsung Galaxy A52 6.5"" (8Go, 128Go) 64MP+12MP+5MP+5MP/32MP Android -  Bleu","3,349.00 Dhs",5,Samsung
1639010467-416,,,,"Oppo A15 6.52"" 4G (2Go, 32Go) 13MP+2MP+2MP/5MP Android - Bleu","1,299.00 Dhs",null,Oppo
1639009301-130,,,,"Oppo A53 6.5"" (4Go, 64Go) Android 13MP+2MP+2MP/16MP - Black blue","1,898.00 Dhs",null,Oppo
1639008726-10,,,,"Ulefone Armor X3 avec Mode sous-Marin 2GB+32GB, 5000mAh Battery","1,090.00 Dhs",null,Ulefone
1639010136-351,,,,"Ulefone Armor X8 Efficacité durable,puissante batterie de 5080mAh IP68 IP69K, 4Go+64Go","1,590.00 Dhs",3,Ulefone
1639010286-383,,,,Infinix Hot 11 (64GB /4GB Ram) - Helio G70 -13 MP-Dual Sim - Wave,"1,530.00 Dhs",null,Infinix
1639009780-258,,,,"XIAOMI Redmi Note 8 6.3'' (4Go,64Go) Android 9.0 - 4 Camera 48Mp -2Mp -8Mp - 2Mp -Bleu","1,830.00 Dhs",3.9,XIAOMI
1639010563-437,,,,"Samsung Galaxy A72 - Noir - 6.7"" - 8Go, 256Go - 64.0 MP + 12.0 MP + 8.0 MP + 5.0 MP","4,749.00 Dhs",null,Samsung
1639008705-2,,,,Téléphones Android,null,null,null
1639008739-15,,,,"Samsung Galaxy S20 6.2"" (128Go, 8Go) Android 12MP+64MP+12MP/10MP - Bleu","7,499.00 Dhs",null,Samsung
1639009022-70,,,,"XIAOMI Redmi 9T (4Go+128Go) 48MP 6000 mAh -FHD+ 6.53""-Snapdragon -Bleu","1,894.00 Dhs",null,XIAOMI
1639008770-27,,,,XIAOMI Redmi Note 9S - 6.67''- 4K - (4GB - 64GB) - Camera 48 Mpx - Android 10.0,"2,299.00 Dhs",4,XIAOMI
1639009487-174,,,,"XIAOMI Redmi Note 9 - 6.53"" - 4Go - 128Go - 48MP - 5020mAh - Vert + SmartWatch","2,099.00 Dhs",3,XIAOMI
1639009581-202,,,,"XIAOMI Mi 11 Ultra 5G 512GB Stockage/12GB RAM 6,81 pouces 50MP Snapdragon 888 5000 mAh","13,399.00 Dhs",null,XIAOMI
1639009251-120,,,,"Accent Speed X2 - 5.5"" - 4G - 16Gb - Ram :2Go - 13MP - Android 6.0 +Coque- Doré","1,148.00 Dhs",null,Accent
1639009700-229,,,,Infinix ZERO X PRO X6811 128go+8go - Nebula Black,"3,499.00 Dhs",null,Infinix
1639010157-359,,,,"Samsung Galaxy S10 Plus (128Go, 8Go)  Bleu - Remise à neuf / 6mois de Garantie","4,099.00 Dhs",null,Samsung
1639010429-412,,,,"XIAOMI Redmi 9T (4Go+128Go) 48MP 6000 mAh -FHD+ 6.53"" -Vert + Kit+ Band","1,990.00 Dhs",4,XIAOMI
1639009705-231,,,,"Itel P37 Telephone 6.5"" 3G+  (32Gb + 2Gb) - Double SIM - 5000mAh -Blue",899.00 Dhs,null,Itel
1639010257-381,,,,"Samsung Galaxy S10 - 6.1"" (128Go / 8Go) - Bleu Ciel - Remise à Neuf","3,499.00 Dhs",null,Samsung
1639010080-348,,,,"Poco X3 GT 6.6"" 5G (8Go, 256Go) 64MP+8MP+2MP/16MP Android - Bleu","3,629.00 Dhs",null,Poco
1639009456-165,,,,"XIAOMI Redmi Note 10  Pro - 6.67"" ( 8Go, 128Go ) 108MP / 8MP  -Dual Sim - Bronze","3,390.00 Dhs",null,XIAOMI
1639009162-106,,,,Ulefone Telephone Portable Incassable 8Go+128Go Ulefone Armor 9 avec Imagerie Thermique et 6600mAh,"5,520.00 Dhs",5,Ulefone
1639009759-250,,,,"XIAOMI Redmi Note 7 6.3"" (3Go, 32Go) Android 48MP+5MP/13MP - Noir","2,249.00 Dhs",null,XIAOMI
1639010660-460,,,,"Samsung Galaxy A12 BLEU 4GB RAM 128GB 6.5” HD 5,000mAh","1,609.00 Dhs",4.1,Samsung
1639010002-327,,,,"XIAOMI Redmi 9T (4Go+128Go) 48MP 6000 mAh -FHD+ 6.53""-Snapdragon - Gris +Kit+ Band","1,999.00 Dhs",null,XIAOMI
1639010533-431,,,,"Ulefone Armor X3 Rugged Phone, 2GB+32GB Antichoc IP68/IP69K","1,050.00 Dhs",5,Ulefone
1639009711-233,,,,"Samsung Galaxy A02 Rouge 3GB RAM + 32GB Internal Storage 6.5"" 5,000mAh","1,199.00 Dhs",null,Samsung
1639010389-406,,,,"Itel A16 Plus - 5""-Big Screen Smartphone 3G+ - 8Go -Ram 1GB-5 MP - Flash - Dual SIM - Quad -core 1.3 GHz - Android 8.1 - Gold champagne",629.00 Dhs,1,Itel
1639009751-248,,,,"XIAOMI Redmi Note 10S - 6.43 "" (6Go,128Go) 64MP/8MP- Helio G95 - Dual Sim - Gri","2,660.00 Dhs",null,XIAOMI
1639010050-341,,,,"Samsung Galaxy A12 6.5"" (128Go, 4Go) 48MP+5MP+2MP/8MP Android 10 - Blanc + Band+Ècouteur","1,999.00 Dhs",null,Samsung
1639009680-223,,,,"Huawei Y6P 6.3"" (3Goo, 64Go) 13MP+5MP+2MP/8MP Android - Noir","1,449.00 Dhs",3.7,Huawei
1639010652-457,,,,"Ulefone Note 10 32Go+2Go Octa-Core, 6,52Pouce, 8MP AI Triple Caméra, Fingerprint",969.00 Dhs,4.3,Ulefone
1639009609-211,,,,"Samsung Galaxy A12 - 6.5"" - 64Go - 4Go - Android 10 - 5000mAh - Bleu+ Band + Ècouteur","1,799.00 Dhs",3.7,Samsung
1639008749-19,,,,XIAOMI Redmi Note 9S - 6.67''- 4K - (4GB - 64GB) - Camera 48 Mpx - Android 10.0 - Gris,"2,799.00 Dhs",null,XIAOMI
1639010292-385,,,,"Samsung Galaxy S10 Plus (128Go, 8Go) Bleu Ciel - Remise à neuf / 6 Mois de Garantie","4,299.00 Dhs",null,Samsung
1639010005-328,,,,"XIAOMI Redmi Note 9  6.53"" - 4Go - 128Go - 48MP+8MP+5MP+2MP + Kit + Incassable 9D- Gris","1,980.00 Dhs",4.1,XIAOMI
1639010583-440,,,,XIAOMI Mi POCO X3 PRO - 6.67 ' FHD + 8 Go RAM - 256 Go - Snapdragon 860G - 64 MP- Bronze +Kit+Band,"3,090.00 Dhs",4,XIAOMI
1639008817-44,,,,Samsung Galaxy A03s noir 4G Ram 64G Storage,"1,499.00 Dhs",null,Samsung
1639009999-326,,,,"Oppo RENO 6Z - 5G - 6,4 ""Full HD +  (8Go, 128 Go) 64MP - Noir +Kit + Band","4,199.00 Dhs",null,Oppo
1639009467-169,,,,"Vivo Y1S - 6,22"" - 3GO - 32GO - 4030 mAh - Android - Olive Black","1,120.00 Dhs",5,Vivo
1639008887-52,,,,"Vivo Y12s 4G 6,51"" (3Go, 32Go) 13MP+2MP/8MP - Bleu Glacier","1,299.00 Dhs",null,Vivo
1639009936-304,,,,"Samsung Note 10 Lite  - 128Go - 8Go -  Android - 6.7""- Noir Aura","4,149.00 Dhs",3.5,Samsung
1639010601-447,,,,"XIAOMI POCO X3 Pro 6,67"" 4G (8Go, 256Go) Snapdragon 860 - 48MP / 20MP  - Bleu +Kit+Band","3,098.00 Dhs",5,XIAOMI
1639009526-188,,,,Vivo Y20 (4/64Go) 5000mAh Noir +Cadeaux(Booknote + écouteurs),"1,699.00 Dhs",5,Vivo
1639009675-221,,,,"Ulefone Note 10 32Go+2Go Octa-Core, 6,52Pouce, 8MP AI Triple Cam Fingerprint et 5500mAh",975.00 Dhs,null,Ulefone
1639009909-294,,,,"Samsung Galaxy S20 FE ( 128Go, 6Go ) - Bleu Marine - Neuf / Garantie 1an","5,249.00 Dhs",null,Samsung
1639009509-182,,,,"Itel Smartphone Gsm A16plus 3G+ -Dual SIM- 5""-inch -5MP -8GB -1GB RAM -Gold",618.00 Dhs,null,Itel
1639010427-411,,,,"Ulefone Armor X8 Durabilité prouvée, degré de protection IP68/IP69K 4Go+64Go et 5080mAh","1,610.00 Dhs",5,Ulefone
1639009778-257,,,,XIAOMI Redmi Note 8 - 6.3'' FHD - 4 Go - 64 Go ROM - Android 9.0 - 4 Camera 48Mp -2Mp - 8Mp - 2Mp -Blanc,"1,890.00 Dhs",4.6,XIAOMI
1639010301-388,,,,"XIAOMI Mi 11 Lite 6.55""  5G  (8Go, 128Go) 64MP+8MP+5MP/16MP - Bleu","3,590.00 Dhs",null,XIAOMI
1639009842-280,,,,"Samsung Galaxy S20 FE - 5G - 128Go - 6Go  - 6.5""- 4500mAh- Bleu - Dual Sim","5,499.00 Dhs",null,Samsung
1639009575-200,,,,"Samsung Galaxy A52 6.5"" (8Go, 128Go) 64MP+12MP+5MP+5MP/32MP Android - Blanc","3,349.00 Dhs",null,Samsung
1639009017-68,,,,Samsung Galaxy M52 - 5G - 6.7'' - (8GB - 128GB)  -64MP+12MP+5MP- Snapdragon 778G-Bleu,"3,899.00 Dhs",null,Samsung
1639009567-197,,,,"TCL 10L 6GB RAM + 256GB ROM, 6.53” FHD+ Dotch display","2,365.00 Dhs",5,TCL
1639010107-349,,,,"Ulefone Armor X8 Efficacité durable,puissante batterie de 5080mAh IP68 IP69K, 4Go+64Go","1,590.00 Dhs",5,Ulefone
1639009906-293,,,,XIAOMI Mi POCO X3 - 6.67 ' FHD + 128 Go- 6Go - Snapdragon 732G - 64MP- Gris+Smart Watch,"2,490.00 Dhs",null,XIAOMI
1639010668-463,,,,Samsung Galaxy A72 8 GB + 256 GB 6.7” Black,"4,299.00 Dhs",4.8,Samsung
1639010335-392,,,,"Ulefone Note 10 32Go+2Go Octa-Core, 6,52Pouce, 8MP AI Triple Cam Fingerprint et 5500mAh",975.00 Dhs,null,Ulefone
1639009382-144,,,,"Vivo Y1S - 6,22"" - 3GO - 32GO - 4030 mAh - Android - Aurora Blue","1,129.00 Dhs",null,Vivo
1639009719-236,,,,Samsung GALAXY M52 8Gb 128Gb 5G Black,"3,899.00 Dhs",null,Samsung
1639009299-129,,,,"TCL 10L, ram 6go, rom 256go, 6.53 "", double SIM,  4G Android 11 4000mAh","2,319.00 Dhs",null,TCL
1639009890-287,,,,"Ulefone Armor X8 Efficacité durable,puissante batterie de 5080mAh IP68 IP69K, 4Go+64Go","1,590.00 Dhs",3.8,Ulefone
1639010560-436,,,,"Huawei Y5P 5.45"" (2Go, 32Go) 8MP/5MP Android - Vert",899.00 Dhs,4.5,Huawei
1639009648-220,,,,Vivo Y21 (4+1/64) 5000mAh Diamant brillant + Cadeaux (Booknote + écouteurs),"1,899.00 Dhs",null,Vivo
1639009495-177,,,,Oppo Reno4 Pro (8Go + 256Go) + Gift (Power Bank 10000) - Bleu,"5,699.00 Dhs",null,Oppo
1639009077-84,,,,XIAOMI Redmi Note 10 Pro (8Go/128Go) Global Version - Gris + kit bluetooth + Incassable,"3,290.00 Dhs",null,XIAOMI
1639009643-218,,,,ZTE nubia Red Magic 6 Pro 16GB RAM 256GB Snapdragon 888 Moon silver AMOLED Android,"10,500.00 Dhs",null,ZTE
1639009086-86,,,,"Samsung Galaxy Z Fold3 5G (12Go, 512Go) - Black","19,990.00 Dhs",null,Samsung
1639010502-425,,,,"Itel Telephone 6.5"" 3G+- 32Gb Ram2Gb-Double SIM 5000mAh-8MP-Gradation Purple",928.00 Dhs,null,Itel
1639009448-162,,,,Techno Pop 4 - 6 Pouces - 8 Mégapixels - Rom 32Go - Ram 2Go - 5000 mAh - Vert,999.00 Dhs,null,Techno
1639009138-103,,,,"XIAOMI Redmi Note 9S 6.67"" (6Go, 128Go) 48MP+8MP+5MP+2MP/16MP Android - Blanc","2,680.00 Dhs",null,XIAOMI
1639009431-156,,,,"Samsung Galaxy A72 6.7"" (8Go, 256Go) 64MP+8MP+12MP+5MP/32MP Android - Blanc","4,749.00 Dhs",4.7,Samsung
1639009523-187,,,,"XIAOMI Redmi 9T (4Go+128Go) 48MP 6000 mAh -FHD+ 6.53""-Snapdragon -Vert","1,894.00 Dhs",5,XIAOMI
1639009848-282,,,,XIAOMI Mi POCO X3 (128 Go- 6Go ) - Snapdragon 732G - 64 MP- Blue +Band + Kit,"2,590.00 Dhs",5,XIAOMI
1639010596-445,,,,"Huawei Y5P 5.45"" (2Go, 32Go) 8MP/5MP Android - Vert",899.00 Dhs,4,Huawei
1639009406-153,,,,"Samsung Galaxy S21 256Gb Couleur Argent Silver 5G 8K 6,2"" 8Gb RAM Android 64Mpx","8,274.00 Dhs",null,Samsung
1639008809-41,,,,"Ulefone Armor 9 Incassable 8Go+128Go avec Imagerie Thermique ,Antichoc ,Noir","5,700.00 Dhs",null,Ulefone
1639009811-269,,,,Samsung Note 20 Ultra 8GB/256GB Mysthic Black,"9,500.00 Dhs",null,Samsung
1639009388-146,,,,XIAOMI Mi POCO X3 - 6.67 ' FHD + 128 Go- 6Go - Snapdragon 732G - 64 MP- Blue,"2,370.00 Dhs",5,XIAOMI
1639009969-315,,,,"Oppo RENO 6Z - 5G - 6,4 ""Full HD +  (8Go, 128 Go) 64MP - AURORA + Baf + Anti Mostique","4,099.00 Dhs",null,Oppo
1639010251-379,,,,"Samsung Galaxy M12 , 6.5"" ( 4GB RAM, 128GB Storage) 6000 mAh with 8nm Processor Noir","1,848.00 Dhs",5,Samsung
1639009437-158,,,,"XIAOMI Redmi Note 9 Pro 6.67"" (6Go, 128Go) 64MP+8MP+5MP+2MP/16MP Android - Gris","2,599.00 Dhs",4.5,XIAOMI
1639010700-475,,,,"XIAOMI Redmi 9A 6.53"" (2Go, 32Go) 13MP/5MP Android - Bleu",999.00 Dhs,4,XIAOMI
1639010068-344,,,,"Samsung Galaxy S21 5G ( 128Go, 8Go ) Phantom Gray 6.2"" Neuf / 1an de Garantie","7,000.00 Dhs",null,Samsung
1639010384-404,,,,"XIAOMI Redmi 9T (4Go+128Go) 48MP 6000 mAh -FHD+ 6.53"" -Bleu+Band + Kit","1,999.00 Dhs",4.2,XIAOMI
1639009614-213,,,,"Vivo Y20 4G 6.51"" (3Go, 64Go) Android 13MP+2MP+2MP/8MP - BLEU NEBULA","1,499.00 Dhs",null,Vivo
1639009304-131,,,,"Samsung Galaxy A9 6.3"" (128Go, 6Go) Android - pink","2,890.00 Dhs",null,Samsung
1639009453-164,,,,"XIAOMI Redmi 9 6.53"" (3Go, 32Go) 13 MP+8 MP+5 MP+2 MP/8 MP Android - Gris","1,790.00 Dhs",null,XIAOMI
1639010109-350,,,,"Poco X3 GT 6.6"" 5G (8Go, 256Go) 64MP+8MP+2MP/16MP Android - Blanc","3,629.00 Dhs",null,Poco
1639010612-451,,,,"Huawei Y5P 5.45"" (2Go, 32Go) 8MP/5MP Android - Noir",899.00 Dhs,5,Huawei
1639010362-397,,,,Samsung Galaxy A03s Bleu 4G Ram 64G Storage,"1,389.00 Dhs",4,Samsung
1639008799-37,,,,Ulefone Telephone Portable Incassable 8Go+128Go avec Imagerie Thermique Ulefone Armor 9,"5,700.00 Dhs",null,Ulefone
1639009982-320,,,,Infinix Hot 11S (128GB /4GB Ram) - Helio G88 -50 MP-Dual Sim -Noir + Kit + Band,"1,990.00 Dhs",null,Infinix
1639009123-98,,,,Poco X3 - 6.67'' FHD + 128Go - 6Go - Snapdragon732G - 64MP- Gris + Band + Écouteur,"2,799.00 Dhs",4.7,Poco
1639009283-123,,,,"Oppo RENO 5 - 6,4 ""Full HD +  (8Go, 128 Go) 64MP - Dual Sim +Kit + Band - SILVER","3,999.00 Dhs",null,Oppo
1639010470-417,,,,"Oppo A53 6.5"" (4Go, 64Go) Android 13MP+2MP+2MP/16MP - Electric Black","1,859.00 Dhs",null,Oppo
1639010684-469,,,,"XIAOMI Redmi Note 10S 6,43"" (6Go, 128Go) 64MP+8MP+2MP+2MP/13MP Android 11 - Bleu Océan","2,399.00 Dhs",4.6,XIAOMI
1639009808-268,,,,"Oppo RENO 6Z - 5G - 6,4 ""Full HD +  (8Go, 128 Go) 64MP - Double Sim - Noir","3,779.00 Dhs",5,Oppo
1639008933-59,,,,"Oppo A15 - 6.52"" 32 Go ROM - 2 Go RAM - 13MP - Dynamic BLACK","1,369.00 Dhs",null,Oppo
1639009863-286,,,,XIAOMI Mi POCO X3 PRO - 6.67 '' ( 6 Go RAM - 128 Go) -Snapdragon 860G - Bronze + Kit + Band,"2,790.00 Dhs",null,XIAOMI
1639009106-92,,,,XIAOMI Redmi Note 8  2021 - 6.3'' FHD - 4 Go - 64 Go ROM - Dual Sim - 48Mp  -Blanc,"1,870.00 Dhs",null,XIAOMI
1639009201-112,,,,"Ulefone Note 10 32Go+2Go Octa-Core, 6,52Pouce, 8MP AI Triple Caméra, Fingerprint",980.00 Dhs,null,Ulefone
1639009478-172,,,,Oppo A74 (6Go + 128Go) - Noir,"2,699.00 Dhs",null,Oppo
1639008780-31,,,,"realme 6  (8Go, 128Go) 64MP+8MP+2MP+2MP/16MP Android - Bleu Comet","2,899.00 Dhs",2.3,realme
1639009961-313,,,,"XIAOMI Redmi 9T (4Go+128Go) 48MP 6000 mAh -FHD+ 6.53""-Snapdragon -Gris","1,899.00 Dhs",5,XIAOMI
1639010610-450,,,,Vivo Y12s (3/32Go) - 5000mAh Noir Fantôme +Cadeaux (Triple Cable  + écouteurs),"1,299.00 Dhs",4,Vivo
1639009748-247,,,,"Samsung Galaxy Z Flip3 5G (8Go, 256Go) - Lavender","9,449.00 Dhs",null,Samsung
1639009451-163,,,,"realme 6  (8Go, 128Go) 64MP+8MP+2MP+2MP/16MP Android - Bleu Comet","2,599.00 Dhs",null,realme
1639009141-104,,,,"Samsung Galaxy A12 6.5"" (128Go, 4Go) 48MP+5MP+2MP/8MP Android 10 - Blanc","1,735.00 Dhs",3.8,Samsung
1639008768-26,,,,"Leagoo T5c - 5.5"" - 4G/Dual SIM -32Go - 3Go - Android - Gold","1,899.00 Dhs",3.3,Leagoo
1639009112-94,,,,"Samsung Galaxy A02 ( 3GB RAM + 32GB ROM ) - Dual Sim- 6.5"" 5,000 mAh - Gris","1,249.00 Dhs",null,Samsung
1639009975-317,,,,"Samsung Galaxy A12 - 6.5"" - 128Go - 4Go - Android 10 - 5000mAh - Bleu+ Band + Ècouteur","1,999.00 Dhs",5,Samsung
1639009403-152,,,,ZTE nubia Red Magic 6 Racing 16GB RAM 256GB Snapdragon 888 Mercury 6.67 pouces,"8,799.00 Dhs",null,ZTE
1639010625-456,,,,Infinix Note 8i - 6Go RAM - 128 Go - Ice diamand,"1,699.00 Dhs",null,Infinix
1639008804-39,,,,"Ulefone Ecran Waterdrop 6,1 Pouces, 16gb Rom ,Face ID, Nano+Micro SIM Ulefone Note 7",840.00 Dhs,null,Ulefone
1639008762-24,,,,"XIAOMI Mi 11 Lite 6.55"" 5G (6Go, 128Go) 64MP+8MP+5MP/16MP - Rose","3,490.00 Dhs",null,XIAOMI
1639010586-441,,,,"XIAOMI Redmi Note 10  Pro - 6.67"" (8Go, 128Go) 108MP / 8MP - Gris + Kit + Band","3,390.00 Dhs",null,XIAOMI
1639009506-181,,,,"XIAOMI Redmi 10 - 4G - 6.5"" - (4Go, 64Go) - 50MP/8MP - Android - Gris + Band + Écouteur","2,099.00 Dhs",null,XIAOMI
1639010692-472,,,,"XIAOMI Redmi Note 10S 6,43"" (6Go, 128Go) 64MP+8MP+2MP+2MP/13MP Android 11 - Blanc Minéral","2,399.00 Dhs",4.6,XIAOMI
1639010599-446,,,,"Samsung Galaxy A12 6.5"" (128Go, 4Go) 48MP+5MP+2MP/8MP Android 10 - Noir+ Band + Ècouteur","1,949.00 Dhs",3.5,Samsung
1639009009-65,,,,"XIAOMI Redmi Note 10S - 6.43 "" (8Go,128Go) 64MP/8MP- Helio G95 - Blanc + casque filaire","2,599.00 Dhs",null,XIAOMI
1639009014-67,,,,"Nokia 7.1 5.8"" 4G (4Go, 64Go) Dual SIM - Android Pie 9.0 - Bleu","3,499.00 Dhs",null,Nokia
1639008807-40,,,,"Samsung Galaxy Z Flip3 5G (8Go, 256Go) - Green","9,449.00 Dhs",null,Samsung
1639009291-126,,,,"Oppo F11 Pro Avengers Edition limitée 6.5"" (6 Go,128Go)  48MP+5MP/16MP- Bleu espace","4,599.00 Dhs",5,Oppo
1639009409-154,,,,"Samsung Galaxy A72 6.7"" (256 Go, 8Go) Android 64MP+12MP+8MP+5MP/32MP - Bleu","4,790.00 Dhs",null,Samsung
1639009757-249,,,,"Samsung Galaxy A03s Noir 4G + 64GB 6.5” HD 5,000mAh","1,449.00 Dhs",5,Samsung
1639009816-271,,,,"XIAOMI Redmi Note 9 - 6.53"" - 4Go - 128Go - 48MP - 5020mAh - Vert + Band + Écouteur","2,199.00 Dhs",4,XIAOMI
1639009025-71,,,,Samsung Galaxy A02 Dual Sim/3RAM /32Go/Rouge,"1,639.00 Dhs",null,Samsung
1639009570-198,,,,"Nokia C01 Plus 4G 5.45"" (1Go, 16Go) 5MP/5MP Android - Bleu",890.00 Dhs,null,Nokia
1639008900-56,,,,"Vivo Y20 4G 6.51"" (3Go, 64Go) Android 13MP+2MP+2MP/8MP - NOIR OBSIDIEN","1,499.00 Dhs",null,Vivo
1639009950-309,,,,"XIAOMI Redmi Note 10S - 6.43 "" (8Go,128Go) 64MP/8MP- Helio G95 - Gris + Kit + Ban","2,960.00 Dhs",null,XIAOMI
1639009598-207,,,,"TCL 10SE T766U 6,52"" (4Go, 128Go) 48MP + 5MP + 2MP Android - Argent","1,699.00 Dhs",null,TCL
1639009919-298,,,,"Oppo RENO 6Z- 5G (8Go, 128 Go) 64MP- Double SIM -Noir+Haut- parleur+ Anti-Moustique","3,999.00 Dhs",null,Oppo
1639009819-272,,,,"Samsung Galaxy M11 6.4"" (32Go, 3Go) Android 13MP+2MP+5MP/8MP - Noir","1,349.00 Dhs",null,Samsung
1639009366-139,,,,Vivo Y20 (4/64) 5000mAh Bleu +Cadeaux  (Booknote + écouteurs),"1,699.00 Dhs",null,Vivo
1639009046-78,,,,Infinix Hot 11 (64GB /4GB Ram) - Helio G70 -13 MP-Dual Sim - VERT,"1,530.00 Dhs",null,Infinix
1639009004-64,,,,Ulefone Telephone Portable Incassable 8Go+128Go avec Imagerie Thermique Ulefone Armor 9,"5,700.00 Dhs",null,Ulefone
1639010211-372,,,,"Samsung Galaxy A70 - 6Go - 128Go - 4500mAh  - 6.7"" - Blanc","3,499.00 Dhs",4,Samsung
1639010039-338,,,,Poco Mi POCO X3 - 6.67'' FHD + 128Go - 6Go - Snapdragon732G - 64MP- Gris + SmartWatch,"2,749.00 Dhs",null,Poco
1639009071-82,,,,"Samsung Galaxy Fold 7.3"" (512Go, 12Go) Android 9.0 - Argent - 1 an de garantie","18,199.00 Dhs",null,Samsung
1639010072-345,,,,"Huawei Y9a 6.63"" (8GB,128GB) 64MP+8MP+2MP+2MP/16MP Pink","2,199.00 Dhs",5,Huawei
1639010179-365,,,,"Samsung Galaxy M12 BLACK 4GB RAM 128GB Internal Storage 5,000mAh","1,619.00 Dhs",4.4,Samsung
1639010309-391,,,,"Samsung Galaxy A03s  6.5”HD+ - 13MP - 4G + 64GB - 5,000mAh - Noir + Band + Écouteur","1,599.00 Dhs",null,Samsung
1639009482-173,,,,"Nuu Mobile Smartphone 5.5"" Mobile X5 -4G- 32GB-Ram3GB -1,5GHz-empreintes-13Mp-Dual sim -Silver","1,092.00 Dhs",null,Nuu Mobile
1639010025-335,,,,"XIAOMI Redmi Note 10 S - 6.43 "" (6Go,128Go) 64MP/8MP- Helio G95 - Bleu+ Kit + Band","2,600.00 Dhs",null,XIAOMI
1639009512-183,,,,"Accent Cameleon C6 Plus - 5.5"" - 4G-LTE - 8 Go-1Go-8Mp -Quad-core- Android Nougat-Noir",989.00 Dhs,null,Accent
1639009559-194,,,,"Oppo A93 6.43"" (8Go, 128Go) 48MP+8MP+2MP+2MP/16MP+2MP Android - Bleu magique","2,699.00 Dhs",null,Oppo
1639009132-101,,,,Samsung Galaxy S20 FE  - 6Go 128Go - Rouge - Neuf Garantie 1 an,"4,999.00 Dhs",null,Samsung
1639010007-329,,,,XIAOMI Mi POCO X3 + 128 Go- 6Go - Snapdragon 732G - 64 MP- Blue +Smart Watch,"2,490.00 Dhs",4.7,XIAOMI
1639010580-439,,,,"Samsung Galaxy M12  (4GB RAM -128GB ) Camera 48 MP - 5,000mAh - 6,5''- Blue +Kit+Band","1,899.00 Dhs",null,Samsung
1639008742-16,,,,"Samsung Galaxy Z Fold3 5G (12Go, 512Go) - Silver","18,990.00 Dhs",null,Samsung
1639009772-255,,,,Oppo A54 (4Go + 128Go) - Noir,"2,199.00 Dhs",null,Oppo
1639010052-342,,,,XIAOMI Mi POCO X3 NFC - 6.67 ' FHD + 128 Go- 6Go - Snapdragon 732G - 64 MP- Blue,"2,450.00 Dhs",4,XIAOMI
1639009280-122,,,,"Samsung Galaxy A72 6.7"" (8Go, 256Go) 64MP+8MP+12MP+5MP/32MP Android - Violet","4,749.00 Dhs",null,Samsung
1639009762-251,,,,"Oppo Reno6 Z 5G 6.4"" 5G (8Go, 128Go) 64MP+8MP+2MP/32MP Android - Noir","3,999.00 Dhs",null,Oppo
1639009900-291,,,,"Huawei Nova 7 6.53"" (8Go, 256Go) Android Dual SIM 64 +8 MP+8 MP+2 MP/32MP - Violet","4,600.00 Dhs",5,Huawei
1639009972-316,,,,"XIAOMI Redmi Note 10S - 6.43 "" (6Go,128Go) 64MP/8MP- Helio G95  - Gris","2,660.00 Dhs",null,XIAOMI
1639010395-408,,,,"Nokia 3.1 5.2"" (16Go, 2Go) Dual Sim Android - Bleu",899.00 Dhs,4,Nokia
1639009825-274,,,,Itel A36 5.5” HD+ Bleu 1GB+16GB 3020 mAh,790.00 Dhs,null,Itel
1639009917-297,,,,"XIAOMI Redmi Note 9 Pro 6.67"" (6Go, 128Go) 64MP - Gris + Incassable + Kit i100","2,680.00 Dhs",3,XIAOMI
1639009117-96,,,,Infinix Hot 9 - 4Go RAM - 64Go - Violet,"1,570.00 Dhs",null,Infinix
1639008849-49,,,,"Nokia 8.3 6.81"" 5G (8Go, 128Go) 64MP+12MP+2MP+2MP/24MP Android -Bleu","6,800.00 Dhs",null,Nokia
1639010290-384,,,,Infinix HOT 11S X6812 50MP + 2MP + 8MP - 128+4G - Green Wave,"1,799.00 Dhs",null,Infinix
1639010356-395,,,,"Ulefone Armor X3 Rugged Phone, 2GB+32GB Antichoc IP68/IP69K","1,050.00 Dhs",1,Ulefone
1639008731-12,,,,Infinix Hot 11 (64GB /4GB Ram) - Helio G70 -13 MP-Dual Sim - VERT +Kit+Band,"1,650.00 Dhs",null,Infinix
1639009686-224,,,,XIAOMI Mi POCO X3 + 128 Go- 6Go - Snapdragon 732G - 64 MP- Blue +Band + Kit,"2,490.00 Dhs",null,XIAOMI
1639010670-464,,,,"Samsung Galaxy A12 NOIR 4GB RAM 128GB 6.5” HD 5,000mAh","1,619.00 Dhs",4.1,Samsung
1639010367-399,,,,"Huawei Y5P 5.45"" (2Go, 32Go) 8MP/5MP Android - Bleu",899.00 Dhs,4.1,Huawei
1639009038-75,,,,Samsung Galaxy A02s Bleu 3G 32GB,"1,750.00 Dhs",null,Samsung
1639009695-227,,,,smartphone ken xin da v6 Android 6.0 SC7731C Quad Core 1.2 GHz GPS Double SIM,649.00 Dhs,null,(Pas d'avis disponibles)
1639009374-142,,,,"Infinix Smart 6 – 6.6"" – 32 Go - 2 Go Ram - 4G – Heart of ocean.","1,187.00 Dhs",null,Infinix
1639009472-170,,,,Poco Mi POCO X3 - 6.67'' FHD + 128Go - 6Go - Snapdragon732G - 64MP- Gris,"2,729.00 Dhs",5,Poco
1639008936-60,,,,"XIAOMI Redmi Note 10S - 6.43 "" (6Go,128Go) 64MP/8MP- Helio G95 - Blanc + Kit + Band","2,790.00 Dhs",null,XIAOMI
1639008847-48,,,,Samsung Version Digital Assistant Galaxy A02s,"3,699.00 Dhs",null,Samsung
1639010074-346,,,,"Huawei Y5P 5.45"" (2Go, 32Go) 8MP/5MP Android - Dual Sim- Bleu","1,020.00 Dhs",5,Huawei
1639009692-226,,,,Vivo Y21 (4+1/64) 5000mAh Bleu + Cadeaux (Booknote + écouteurs),"1,899.00 Dhs",null,Vivo
1639009490-175,,,,Oppo Reno4 Pro (8Go + 256Go) + Gift (Power Bank 10000) - Noir,"5,699.00 Dhs",null,Oppo
1639010493-422,,,,"Itel Vision 1 Pro 6,5"" HD+ (2Go, 32Go) Triple caméra arrière Android ™ 10 -  Bleu cristal de glace",899.00 Dhs,3.9,Itel
1639008814-43,,,,"Samsung Galaxy M12 - 6.5"" ( 4GB RAM, 128GB Stockage) 5000 mAh - Noir","1,749.00 Dhs",null,Samsung
1639010022-334,,,,"Samsung Galaxy A72 6.7"" (256 Go, 8Go) Android 64MP+12MP+8MP+5MP/32MP- Noir","4,550.00 Dhs",5,Samsung
1639009689-225,,,,Vivo Y91c (2/32)  Bleu Océan + Cadeaux (Écouteurs),999.00 Dhs,null,Vivo
1639009089-87,,,,"Oppo RENO 6Z - 5G - 6,4 ""Full HD + AMOLED (8Go, 128 Go) 64MP - Double SIM-Noir","3,869.00 Dhs",null,Oppo
1639008951-62,,,,"Infinix Hot 6X (X623) 6.2"" 4G (16Go, 2Go) Android 8.1 - Gold","1,370.00 Dhs",null,Infinix
1639009606-210,,,,"Samsung Galaxy A52 6.5"" (8Go, 128Go) 64MP+12MP+5MP+5MP/32MP Android -  Violet","3,349.00 Dhs",4.5,Samsung
1639010565-438,,,,"Huawei Y9a 6.63"" (8GB,128GB) 64MP - Pink + carte mémoire 32Gb","2,179.00 Dhs",null,Huawei
1639009019-69,,,,"Samsung Galaxy A02 6.5"" (3Go, 32Go) 13MP+2MP/5MP Android - Gris","1,500.00 Dhs",4.3,Samsung
1639010188-366,,,,"Ulefone Armor X3 avec Mode sous-Marin 2GB+32GB, 5.5 Inch, 5000mAh Battery","1,090.00 Dhs",5,Ulefone
1639009550-192,,,,"Ulefone Smartphone Incassable 8Go+128Go, Camera Thermique Ulefone Armor9 batterie 6600","5,700.00 Dhs",null,Ulefone
1639009767-253,,,,Samsung GALAXY M52 8Gb 128Gb 5G White,"3,899.00 Dhs",null,Samsung
1639010143-354,,,,XIAOMI Mi POCO X3 PRO - 6.67 '' ( 6 Go RAM - 128 Go) - Snapdragon 860G - 64 MP- Bronze,"2,690.00 Dhs",4.5,XIAOMI
1639009939-305,,,,"Oppo RENO 6Z - 5G - 6,4 ""Full HD +  (8Go, 128 Go) 64MP - Dual Sim - AURORA","3,890.00 Dhs",null,Oppo
1639010337-393,,,,"Nokia C20 6.5"" (2Go, 16Go) 5MP/5MP Android - Bleu",949.00 Dhs,null,Nokia
1639009991-323,,,,"XIAOMI POCO X3 GT 6.6"" 5G (8Go, 256Go) 64MP+8MP+2MP/16MP - Noir + Kit+ Band","3,990.00 Dhs",null,XIAOMI
1639009903-292,,,,Poco X3 - 6.67'' FHD + 128Go - 6Go  - 64MP- Gris + Écouteur + SmartWatch,"2,699.00 Dhs",3,Poco
1639010044-340,,,,XIAOMI Redmi Note 8  - 4 Go - 64 Go ROM - 4 Camera 48Mp -2Mp - 8Mp - 2Mp -Blanc+ KIT i 11,"1,890.00 Dhs",3.4,XIAOMI
1639010010-330,,,,"Samsung Galaxy Note 10 Lite  - 128Go - 8Go -  Android - 6.7""- Noir +Band + Kit","4,300.00 Dhs",3.5,Samsung
1639009746-246,,,,Samsung Note 20 Ultra 8GB/256GB Mysthic White,"9,500.00 Dhs",null,Samsung
1639009376-143,,,,Samsung Galaxy A52 - 6.5'' - (8GB - 128GB)  -64MP+12MP+5MP+5MP/32MP- 4G -Blanc,"3,490.00 Dhs",null,Samsung
1639010697-474,,,,"XIAOMI Redmi 10 4G 6.5"" (4Go, 128Go) 50MP++8MP+2MP+2MP/8MP Android - Gris","1,819.00 Dhs",4.5,XIAOMI
1639010705-477,,,,"XIAOMI Redmi 9A 6.53"" (2Go, 32Go) 13MP/5MP Android - Gris",999.00 Dhs,4.2,XIAOMI
1639010557-435,,,,"XIAOMI POCO X3 GT 6.6"" 5G (8Go, 256Go) 64MP+8MP+2MP/16MP - Noir + casque filaire","3,649.00 Dhs",null,XIAOMI
1639009730-240,,,,"Samsung Galaxy Z Flip3 5G (8Go, 256Go) - Cream","9,449.00 Dhs",null,Samsung
1639008882-50,,,,"Samsung Galaxy S20 Ultra 6.9"" (128Go,12Go) Android 10 -Gris","9,890.00 Dhs",null,Samsung
1639009129-100,,,,"XIAOMI Redmi Note 9 Pro - 6.67"" (6Go, 128Go) 64MP/16MP-Dual Sim - Gris + Band + Écouteur","2,690.00 Dhs",null,XIAOMI
1639010665-462,,,,"Samsung Galaxy A32 Noir 6 GB + 128 GB Storage 6.4"" 5,000mAh","2,449.00 Dhs",4.4,Samsung
1639010359-396,,,,"Samsung Galaxy S10 Plus (128Go, 8Go)  Noir - Remise à neuf / 6mois de Garantie","3,999.00 Dhs",null,Samsung
1639010370-400,,,,Infinix HOT10 Lite(3GB+64GB)/13MP/Ecran 6.6''HD+/Super charge 10W/5000mAh/Quetzal Cyan,"1,219.00 Dhs",4.3,Infinix
1639009442-160,,,,"Itel A56 - 4000mAh - 16Gb - 1Gb - 5.99"" IPS - Android 9 - Gradient Bleu",899.00 Dhs,5,Itel
1639009958-312,,,,"Huawei Y5P 5.45"" (2Go, 32Go) 8MP/5MP Android - Dual Sim- Noir","1,099.00 Dhs",5,Huawei
1639009640-217,,,,"Ulefone Armor X8 Durabilité prouvée, degré de protection IP68/IP69K","1,590.00 Dhs",null,Ulefone
1639009529-189,,,,"Samsung Galaxy S21 Ultra 6.8""(256Go, 12Go) Android 11 -Black - 1 an de garantie","13,490.00 Dhs",null,Samsung
1639009792-262,,,,"Samsung Note 10 Lite  6.7"" (128Go, 8Go) Android 12MP+12MP+12MP/32MP - Aura Glow","4,380.00 Dhs",4.5,Samsung
1639009167-108,,,,"Infinix Zero 5 – 5.98"" – 64 Go - 6 Go Ram - 4G – Noir.","1,990.00 Dhs",null,Infinix
1639009385-145,,,,"Samsung Galaxy S21 +  6.7"" (256Go, 8Go) Android 11 - Black - 1 an de garantie","11,490.00 Dhs",null,Samsung
1639008791-35,,,,"Vivo Y12s 6.51"" 4G (3Go, 32Go) 13MP+2MP/8MP Android - Noir","1,299.00 Dhs",null,Vivo
1639009434-157,,,,Infinix Hot 11 (64GB /4GB Ram) - Helio G70 -13 MP-Dual Sim - Wave+Kit+Band,"1,650.00 Dhs",null,Infinix
1639009126-99,,,,"XIAOMI Redmi 10 4G 6.5"" (4Go, 64Go) 50MP++8MP+2MP+2MP/8MP Android - Bleu/ gris","2,100.00 Dhs",null,XIAOMI
1639009584-203,,,,"Oppo A15 - 6.52"" 32 Go ROM - 2 Go RAM - 8MP - BLEU","1,348.00 Dhs",4.6,Oppo
1639009461-167,,,,XIAOMI Mi POCO X3 - 6.67 ' + 128 Go - 6Go - Snapdragon 732G - 64MP- Gris+Band + Kit,"2,490.00 Dhs",null,XIAOMI
1639009931-302,,,,"Samsung Galaxy A72 6.7"" (256 Go, 8Go) Android 64MP+12MP+8MP+5MP/32MP- Blanc","4,990.00 Dhs",null,Samsung
1639010499-424,,,,Infinix Hot 11S (128GB /4GB Ram) - Helio G88 -50 MP-Dual Sim - Wave + Kit + Band,"1,990.00 Dhs",null,Infinix
1639010171-362,,,,"Nokia 3.4 6,39"" (4Go, 64Go) 13MP+5MP+2MP/8MP Android - Violet","1,650.00 Dhs",4,Nokia
1639010149-356,,,,"Poco X3 GT 6.6"" 5G (8Go, 256Go) 64MP+8MP+2MP/16MP Android - Bleu","3,629.00 Dhs",5,Poco
1639010141-353,,,,XIAOMI Mi POCO X3 NFC - 6.67 ' FHD + 128 Go- 6Go - Snapdragon 732G - 64MP- Gris,"2,430.00 Dhs",5,XIAOMI
1639009246-118,,,,"Oppo RENO 5 - 6,4 ""Full HD +  (8Go, 128 Go) 64MP - Android 11.0 - Dual Sim - SILVER","3,980.00 Dhs",null,Oppo
1639008757-22,,,,"Echo Star Plus 5'' 4G(16.01Go, 3Go) Android 7.0 - Argent","1,449.00 Dhs",null,Echo
1639008794-36,,,,"Infinix Hot 6X (X623) 6.2"" 4G - 3Go, 32Go  Android 8.1 - Rouge","1,499.00 Dhs",4,Infinix
1639009697-228,,,,"Huawei NOVA 7 - 5G - 6.53"" 8GB + 256GB - 64MP (4000 mAh) Dual Card - PURPEL","3,990.00 Dhs",null,Huawei
1639009561-195,,,,"Samsung Galaxy M11 6.4"" (32Go, 3Go) Android 13MP+2MP+5MP/8MP - Violet + SmartWatch","1,499.00 Dhs",null,Samsung
1639009310-133,,,,"XIAOMI Redmi Note 10 Pro 6.67"" (8Go, 128Go) 108MP+8MP+5MP+2MP/ 16 MP Android - Bleu","3,280.00 Dhs",4.5,XIAOMI
1639009922-299,,,,Samsung Galaxy A03s Black 4G Ram 64G Storage,"1,389.00 Dhs",4.8,Samsung
1639010176-364,,,,XIAOMI Mi POCO X3 PRO - 6.67 ' FHD + 8 Go RAM - 256 Go - Snapdragon 860G - 64 MP- Noir +Kit+Band,"3,000.00 Dhs",3.8,XIAOMI
1639009393-148,,,,"XIAOMI Redmi 9T (4Go+128Go) 48MP 6000 mAh -FHD+ 6.53""- Orange +Kit + Band","1,974.00 Dhs",null,XIAOMI
1639009564-196,,,,"Redmi Xiaomi Redmi 9C (128Go,4Go) Dual SIM 5000 mAh color Noir","1,899.00 Dhs",null,Redmi
1639010676-466,,,,"Huawei Y9a 6.63"" (8GB,128GB) 64MP+8MP+2MP+2MP/16MP Pink","2,099.00 Dhs",5,Huawei
1639009164-107,,,,"Oppo A54 (4Go, 128Go) -Bleu Etoilé- 6,51'' Lcd (A-Si) 60Hz,13Mp, 12 Mois De Garantie","2,188.00 Dhs",null,Oppo
1639009587-204,,,,"XIAOMI Redmi 10 4G 6.5"" (4Go, 64Go) 50MP++8MP+2MP+2MP/8MP Android - Blanc","1,790.00 Dhs",null,XIAOMI
1639008755-21,,,,"XIAOMI Redmi Note 8 6.3'' (4Go, 64Go) Android 9.0 -4 Camera 48Mp -2Mp -8Mp - 2Mp -Noir","1,950.00 Dhs",4.9,XIAOMI
1639009114-95,,,,"Oppo Reno 4 Pro - 6.5"" - 8 Go - 256 Go -Android 10, ColorOS 7.2- AMOLED + Pochette - Starry Night+tripod","5,699.00 Dhs",null,Oppo
1639009834-277,,,,XIAOMI Redmi 9A (2Go/32Go) Global Version - Gris,"1,148.00 Dhs",null,XIAOMI
1639009603-209,,,,Oppo A53s (4Go - 128 Go) - Ecran 90 Hz - Batterie 5000 mAh - Son Stéréo - Noir,"1,999.00 Dhs",null,Oppo
1639009977-318,,,,"XIAOMI Redmi Note 10S - 6.43 "" (6Go,128Go) 64MP/8MP- Helio G95 - Gris + Kit + Band","2,660.00 Dhs",4.3,XIAOMI
1639010617-453,,,,Itel P37 Gradation Blue (2GO+32GO) 5000Mah,799.00 Dhs,4.4,Itel
1639008786-33,,,,"Ulefone Armor X3 avec Mode sous-Marin 2GB+32GB, 5000mAh Battery","1,090.00 Dhs",null,Ulefone
1639009445-161,,,,"Oppo RENO 5 - 6,4 ""Full HD +  (8Go, 128 Go) Android 11.0 - Dual Sim - Starry Black","3,629.00 Dhs",4.5,Oppo
1639009856-285,,,,"Nokia 5.3 6.55"" (4Go, 64Go) Dual SIM Android 13MP+5MP+2MP+2MP/8MP - Cyan","1,949.00 Dhs",4,Nokia
1639010604-448,,,,"Huawei Y5P 5.45"" (2Go, 32Go) 8MP/5MP Android - Noir",899.00 Dhs,4,Huawei
1639009074-83,,,,"XIAOMI Redmi Note 8 6.3'' (4Go,64Go) 4 Camera 48Mp -2Mp -8Mp - 2Mp -Bleu + KIT i 11","1,890.00 Dhs",4.3,XIAOMI
1639009371-141,,,,"Samsung Galaxy A72 - Bleu - 6.7"" - 8Go, 256Go - 64.0 MP + 12.0 MP + 8.0 MP + 5.0 MP","4,749.00 Dhs",null,Samsung
1639009839-279,,,,"XIAOMI Redmi Note 8 6.3'' (4Go, 64Go) Android 9.0 -4 Camera 48Mp -Noir+ KIT XIAOMI","2,650.00 Dhs",null,XIAOMI
1639009727-239,,,,"Vivo Y91C - 6.22"" - 32 Go - 2Go RAM - Android - Batterie 4030mA Noir","1,029.00 Dhs",null,Vivo
1639009708-232,,,,"Samsung Note 10 Lite  6.7"" (128Go, 8Go) Android 12MP+12MP+12MP/32MP - Rouge Aura","4,199.00 Dhs",4.8,Samsung
1639009398-150,,,,"Itel A37-a571w - 5.7"" Hd+ Waterdrop-16Go ROM-1Go RAM-Batterie -3020mAh - Bleu -(Free Back Cover )",679.90 Dhs,null,Itel
1639009578-201,,,,Oppo A54 (4Go + 128Go) - Bleu,"2,145.00 Dhs",null,Oppo
1639008747-18,,,,"Ulefone Note 10 32Go+2Go Octa-Core, 6,52Pouce, 8MP AI Triple Cam Fingerprint et 5500mAh",975.00 Dhs,null,Ulefone
1639009988-322,,,,"XIAOMI Redmi Note 10S 6,43"" (6Go, 128Go) - 64MP - Android 11 - Blanc + Band + Écouteur","2,699.00 Dhs",5,XIAOMI
1639009440-159,,,,"Samsung Galaxy A72 6.7"" (256 Go, 8Go) Android 64MP+12MP+8MP+5MP/32MP - Bleu + Kit+ Band","4,720.00 Dhs",null,Samsung
1639009898-290,,,,Oppo A94 (8 Go + 128 Go) Amoled - 48MP - 16MP - Dual Sim - Violet + KIT + Band,"3,480.00 Dhs",null,Oppo
1639010284-382,,,,"Ulefone Armor X8 Durabilité prouvée,4GB 64GB degré de protection IP68/IP69K, Noir Solide","1,590.00 Dhs",3,Ulefone
1639009677-222,,,,Vivo V20SE (8/128) - 32MP Selfie - 33W FlashCharge - Bleu ciel + cadeaux(Booknote + Speaker),"3,299.00 Dhs",null,Vivo
1639010375-402,,,,New P20 Mobile Phone Wholesale 512+4G Memory 5.72 Inch Smart 11G Mobile Phone,"1,012.00 Dhs",1,(1 avis)
1639009831-276,,,,Oppo Reno4 (8Go + 128Go) + Gift (Power Bank 5000) - Bleu,"3,599.00 Dhs",null,Oppo
1639008897-55,,,,Téléphones Android,null,null,null
1639010689-471,,,,Samsung Galaxy S20 FE  - 128/8Go - BLEU - Neuf Garantie 1 an,"4,390.00 Dhs",4.4,Samsung
1639009497-178,,,,"Samsung Galaxy M12 BLACK 4GB RAM 128GB Internal Storage 5,000mAh","1,690.00 Dhs",null,Samsung
1639010248-378,,,,"Oppo A15 6.52"" 4G (3Go, 32Go) 13MP+2MP+2MP/5MP Android - Bleu","1,359.00 Dhs",5,Oppo
1639009722-237,,,,"XIAOMI Redmi Note 10  Pro - 6.67"" (8Go, 128Go)108MP/8MP-Dual Sim - Gris + Kit + Band","3,490.00 Dhs",null,XIAOMI
1639010654-458,,,,Infinix HOT10 Lite(3GB+64GB)/13MP/Ecran 6.6''HD+/Super charge 10W/5000mAh/Midnight Black,"1,219.00 Dhs",4.3,Infinix
1639008927-57,,,,"Ulefone Armor X3 avec Mode sous-Marin 2GB+32GB, 5000mAh Battery","1,090.00 Dhs",null,Ulefone
1639010013-331,,,,"XIAOMI Redmi Note 10  Pro - 6.67"" (8Go, 128Go)108MP/8MP-Dual Sim - Gris + Kit + Band","3,390.00 Dhs",4.5,XIAOMI
1639009765-252,,,,"Oppo F11 Pro 6.5"" 4G (6Go, 128Go) Android 9 48MP+5MP /16MP - Vert Aurore","3,999.00 Dhs",5,Oppo
1639009286-124,,,,"XIAOMI Redmi Note 10S - 6.43 "" (8Go,128Go) 64MP/8MP- Helio G95 - Blanc + glass protection","2,699.00 Dhs",null,XIAOMI
1639008721-8,,,,"Samsung Galaxy M12  (4GB RAM -128GB ) Camera 48 MP - 5,000mAh - 6,5''- Blue","1,799.00 Dhs",null,Samsung
1639009231-114,,,,"Ulefone Armor X3 avec Mode sous-Marin 2GB+32GB, 5.5 Inch, 5000mAh Battery","1,090.00 Dhs",null,Ulefone
1639009172-110,,,,"Vivo Y91C - 6.22"" - 32 Go - 2Go RAM - Android - Batterie 4030mA Rouge","1,029.00 Dhs",null,Vivo
1639009043-77,,,,"XIAOMI Mi 11 Lite 6.55"" 5G (8Go, 128Go) 64MP+8MP+5MP/16MP - Mint Green","3,490.00 Dhs",null,XIAOMI
1639010168-361,,,,"Samsung Galaxy A12 - 6.5"" - 128Go - 4Go - Android 10 - 5000mAh - Blanc+ Band + Ècouteur","1,999.00 Dhs",null,Samsung
1639010191-367,,,,"XIAOMI Redmi 10 6,43"" (6Go, 128Go) 50MP+8MP+2MP+2MP/8MP Android - Blanc","2,090.00 Dhs",null,XIAOMI
1639009296-128,,,,"Samsung Galaxy A12 6.5"" (128Go, 4Go) 48MP+5MP+2MP/8MP Android 10 - Bleu","1,747.90 Dhs",null,Samsung
1639010194-368,,,,Oppo A74 (6Go + 128Go) - Bleu,"2,639.00 Dhs",null,Oppo
1639009617-214,,,,"Oppo A52 6.5"" (4Go, 128Go) 12MP + 8MP + 2MP +2MP/16MP Android - Blanc + Kit i100","2,200.00 Dhs",null,Oppo
1639009288-125,,,,"XIAOMI Redmi Note 10S - 6.43 "" (8Go,128Go) 64MP/8MP- Helio G95 - Dual Sim - Bleu","2,760.00 Dhs",null,XIAOMI
1639008844-47,,,,"Telefunken TF152 -4G- 5""- 8Go -1 Go Ram -Vitesse CPU 1,3 GHz -Android 6 marshmallow-Quad Core (Gold)",748.00 Dhs,null,Telefunken
1639010588-442,,,,"Itel A16plus 3G+ -Dual SIM- 5""-inch -5MP -8GB -1GB RAM -Gold",590.00 Dhs,3.6,Itel
1639010523-430,,,,"Infinix Hot 10 Lite 6.6"" (3Go, 64Go) 13MP/8MP Android - Cyan","1,250.00 Dhs",4,Infinix
1639010227-374,,,,"Nokia 8 - 5,3"" - 64 Go - 4 Go - Android - Polished Copper","1,999.00 Dhs",4.1,Nokia
1639010461-414,,,,"XIAOMI Mi 10T Lite 5G - 6.67"" (8Go, 128Go)  Android 10 - Gris / Neuf","3,299.00 Dhs",null,XIAOMI
1639009805-267,,,,XIAOMI Redmi 9A (2Go/32Go) Dual Sim- 5000mAh - Bleu,"1,145.00 Dhs",5,XIAOMI
1639010486-419,,,,"Itel A37-a571w - 5.7"" Hd+ Waterdrop-16Go ROM-1Go RAM-Batterie -3020mAh - Vert -(Free Back Cover )",675.00 Dhs,null,Itel
1639009955-311,,,,"Oppo Reno6 Z 5G 6.4"" 5G (8Go, 128Go) 64MP+8MP+2MP/32MP Android - Bleu Aurore","3,999.00 Dhs",5,Oppo
1639009985-321,,,,"Huawei Y5P 5.45"" (2Go, 32Go) 8MP/5MP Android - Dual Sim- Vert","1,050.00 Dhs",3.5,Huawei
1639009169-109,,,,XIAOMI Redmi Note 8 - 6.3'' - 4 Go - 64 Go - 4 Camera 48Mp -2Mp - 8Mp - 2Mp -Blanc+ KIT i 11,"1,890.00 Dhs",3.8,XIAOMI
1639009590-205,,,,XIAOMI Redmi Note 8  2021 - 6.3'' FHD - 4 Go - 64 Go ROM - Dual Sim - 48Mp - Black +Glas protection + carte mémoire 64Gb,"1,749.00 Dhs",null,XIAOMI
1639010496-423,,,,"Itel P37 (32Gb / 2Gb), 6.5"" HD+, Android 10(Go edition), 5000mAh",869.00 Dhs,null,Itel
1639008775-29,,,,"Poco X3 GT 6.6"" 5G (8Go, 256Go) 64MP+8MP+2MP/16MP Android - Blanc","3,880.00 Dhs",null,Poco
1639009619-215,,,,ZTE nubia Red Magic 6 Pro 16GB RAM 256GB Snapdragon 888 Moon silver AMOLED Android,"11,799.00 Dhs",null,ZTE
1639009914-296,,,,XIAOMI Mi POCO X3 - 6.67 ' FHD + 128 Go- 6Go - Snapdragon 732G - 64MP- Gris+Band + Kit,"2,490.00 Dhs",5,XIAOMI
1639008708-3,,,,"A15 - 6.52"" 32 Go ROM - 2 Go RAM - 8MP - BLEU","1,779.00 Dhs",null,(Pas d'avis disponibles)
1639009573-199,,,,"A15 - 6.52"" 32 Go ROM - 2 Go RAM - 8MP - BLEU","1,800.00 Dhs",null,(Pas d'avis disponibles)
1639008697-1,,,,Itel A36 5.5” HD+  GRADATION Bleu 1GB+16GB 3020 mAh,830.00 Dhs,null,Itel
1639009012-66,,,,"Oppo A53 6.5"" (4Go, 64Go) Android 13MP+2MP+2MP/16MP - Fancy Bleu","1,859.00 Dhs",4.5,Oppo
1639009040-76,,,,"XIAOMI Mi 11 Lite 6.55""  5G  (6Go, 128Go) 64MP+8MP+5MP/16MP - Bleu","3,490.00 Dhs",null,XIAOMI
1639009786-260,,,,"Huawei Y6P 6.3"" (3Goo, 64Go) 13MP+5MP+2MP/8MP Android - Purple","1,475.00 Dhs",null,Huawei
1639009703-230,,,,"realme 8  (8Go, 128Go) 64MP+8MP+2MP+2MP/16MP Android - Mediatek Helio G95 - Noir","2,699.00 Dhs",null,realme
1639009534-191,,,,"Vivo Y91C bleu - 6.22"" - 32 Go - 2Go RAM - Android - Batterie 4030mAH","1,049.00 Dhs",null,Vivo
1639009175-111,,,,"XIAOMI Redmi Note 10  Pro - 6.67"" (8Go, 128Go)108MP/8MP-Dual Sim - Bleu + Kit + Band","3,390.00 Dhs",null,XIAOMI
1639010386-405,,,,Vivo Y12s (3/32Go) - 5000mAh Bleu Glacier + Cadeaux(Triple Cable + Écouteurs),"1,299.00 Dhs",null,Vivo
1639008778-30,,,,Infinix Hot 9 - 4Go RAM - 64Go - Noir,"1,575.00 Dhs",null,Infinix
1639008885-51,,,,Oppo A94 (8 Go + 128 Go) Amoled - 48MP - 16MP - Dual Sim - Violet,"3,380.00 Dhs",null,Oppo
1639009518-185,,,,"Infinix Hot 10 Lite 6.6"" (3Go, 64Go) 13MP/8MP Android - ocean","1,350.00 Dhs",null,Infinix
1639008890-53,,,,"Poco X3 GT 6.6"" 5G (8Go, 256Go) 64MP+8MP+2MP/16MP - Blanc + KIT+ Band","3,990.00 Dhs",null,Poco
1639010674-465,,,,"Samsung Galaxy A02 Black 3GB RAM + 32GB - 6.5"" - 5000mAh","1,099.00 Dhs",4,Samsung
1639009278-121,,,,"Ulefone Note 10 32Go+2Go Octa-Core, 6,52Pouce, 8MP AI Triple Caméra, Fingerprint",969.00 Dhs,null,Ulefone
1639009332-135,,,,Infinix HOT 11S X6812 50MP + 2MP + 8MP - 128+4G - 7° - Purple,"1,799.00 Dhs",null,Infinix
1639009307-132,,,,Samsung Galaxy Note 9 - 128 Go - 6 Go - Android - Noir,"8,990.00 Dhs",5,Samsung
1639010245-377,,,,"Oppo Reno6 Z 5G 6.4"" 5G (8Go, 128Go) 64MP+8MP+2MP/32MP Android - Noir + Haut-parleur + Lampe Anti-Moustique","3,999.00 Dhs",null,Oppo
1639009092-88,,,,"Itel Telephone 6 "" 3G+- 16Gb Ram1Gb-Double SIM 4000mAh-8MP-Empreinte digitale-Gradation Blue",819.00 Dhs,null,Itel
1639010373-401,,,,"Huawei Y9a 6.63"" (8GB,128GB) 64MP+8MP+2MP+2MP/16MP Pink +Band+Kit","2,339.00 Dhs",null,Huawei
1639010203-370,,,,Itel SMARTPHONE A37 16GB + 1GB ROM  DEEP BLEU,665.00 Dhs,null,Itel
1639010400-410,,,,XIAOMI Mi POCO X3 + 128 Go- 6Go - Snapdragon 732G - 64 MP- Blue +Band + Kit,"2,590.00 Dhs",null,XIAOMI
1639010490-421,,,,"Itel P37 Telephone 6.5"" 3G+- 32Gb Ram2Gb-Double SIM 5000mAh-8MP-Deep Blue",918.00 Dhs,null,Itel
1639008734-13,,,,"Ulefone Note 10 32Go+2Go Octa-Core, 6,52Pouce, 8MP AI Triple Caméra, Fingerprint",980.00 Dhs,null,Ulefone
1639009492-176,,,,Infinix S5 Pro - 6Go - 128Go - Bleu,"2,299.00 Dhs",null,Infinix
1639008943-61,,,,"Samsung B310E - 2"" - Dual Sim - Radio - noir",266.90 Dhs,3,Samsung
1639010255-380,,,,"Oppo A15 6.52"" 4G (3Go, 32Go) 13MP+2MP+2MP/5MP Android - Noir","1,399.00 Dhs",5,Oppo
1639009363-138,,,,"Tecno Spark 6 Go LTE - 6.52"" - 32Go - 2Go - 13Mpx - 8MP - 5000mAh - Dual Sim - Bleu","1,150.00 Dhs",5,Tecno
1639009144-105,,,,"Oppo RENO 6Z - 5G - 6,4 ""Full HD + AMOLED (8Go, 128 Go) 64MP - Double SIM-Aurore","3,869.00 Dhs",null,Oppo
1639009120-97,,,,"Samsung Galaxy A02 ( 3GB RAM + 32GB ROM ) - Dual Sim- 6.5"" 5,000 mAh - Rouge","1,249.00 Dhs",null,Samsung
1639010151-357,,,,"XIAOMI Redmi Note 9 Pro 6.67"" (6Go, 128Go) 64MP+8MP+5MP+2MP/16MP Android - Gris","2,480.00 Dhs",5,XIAOMI
1639009743-245,,,,"XIAOMI Redmi Note 10S - 6.43 "" (8Go,128Go) 64MP/8MP- Helio G95 - Bleu+ Kit + Band","2,960.00 Dhs",null,XIAOMI
1639009459-166,,,,"TCL 10 PLUS T782H 6.47"" (6Go, 256Go) 48MP+8MP+2MP+2MP/16MP - Bleu","2,999.00 Dhs",null,TCL
1639010510-427,,,,"XIAOMI Redmi 9T 6,53"" (4Go, 128Go) 48MP+8MP+2MP+2MP/8MP Android - Gris","1,795.00 Dhs",4.3,XIAOMI
1639009925-300,,,,Samsung Galaxy A32 - 6 GB + 128 GB - 6.4” - Black + Écouteur + Smart Watch,"2,999.00 Dhs",2.3,Samsung
1639010033-336,,,,XIAOMI Redmi 9A (2Go/32Go) Dual Sim- 5000mAh - Vert,"1,149.00 Dhs",5,XIAOMI
1639008812-42,,,,Samsung Galaxy M12 (4GB ROM - 128GB RAM) 6.5° - Blue,"1,859.00 Dhs",null,Samsung
1639009735-242,,,,Samsung Galaxy A3 - 4G - 16 Go - Android 4.4 – Or,"2,749.00 Dhs",null,Samsung
1639009794-263,,,,"Samsung Galaxy A02 Black 3GB RAM + 32GB Internal Storage 6.5"" 5000mAh","1,180.00 Dhs",null,Samsung
1639009520-186,,,,Itel SMARTPHONE A37 16GB + 1GB ROM  GRADATION GREEN,750.00 Dhs,null,Itel
1639009892-288,,,,Samsung Galaxy S20 FE - 128Go - Purple (Move) - Neuf Garantie 1 an,"5,199.00 Dhs",null,Samsung
1639009724-238,,,,"Vivo Y12s  - 6.51"" - 3Go - 32Go -  5000mAh - Phantom Black","1,275.00 Dhs",5,Vivo
1639009514-184,,,,"Samsung Galaxy A21s 6.5"" (64Go, 4Go) - 48MP+8MP+2MP+2MP/13MP-5000mAh Blanc","3,699.00 Dhs",4.6,Samsung
1639010381-403,,,,"Huawei NOVA 7 - 5G - 6.53"" 8GB + 256GB - 64MP (4000 mAh) Dual Card - Noir","3,990.00 Dhs",null,Huawei
1639010593-444,,,,"Huawei Y5P 5.45"" (2Go, 32Go) 8MP/5MP Android - Bleu",899.00 Dhs,3.7,Huawei
1639010663-461,,,,Itel SMARTPHONE A37 16GB + 1GB ROM  Blue,750.00 Dhs,3.6,Itel
1639009500-179,,,,Oppo Reno5 (8Go + 128Go) - Noir,"3,799.00 Dhs",null,Oppo
1639008783-32,,,,XIAOMI Redmi Note 8  6.3°- Octa-core - 4GB - 64Go - Quad Camera 48 Mpx - Bleu + Kit Xiaomi,"1,880.00 Dhs",4.8,XIAOMI
1639008737-14,,,,"Infinix Hot 6X (X623) 6.2"" 4G (16Go, 2Go) Android 8.1 - Rouge","1,370.00 Dhs",null,Infinix
1639009083-85,,,,"XIAOMI Redmi Note 9 Pro 6.67"" - 6Go - 128Go - 48MP+8MP+5MP+2MP - Dual Sim - Gris","2,599.00 Dhs",null,XIAOMI
1639010695-473,,,,"XIAOMI Redmi 9A 6.53"" (2Go, 32Go) 13MP/5MP Android - Vert",999.00 Dhs,3.5,XIAOMI
1639010297-387,,,,Oppo A53s (4Go - 128 Go) - Ecran 90 Hz - Batterie 5000 mAh - Noir +Kit+Band,"1,999.00 Dhs",null,Oppo
1639010173-363,,,,Oppo A54 (4Go + 64Go) - Noir,"1,799.00 Dhs",4.7,Oppo
1639010679-467,,,,"Samsung Galaxy M12 Bleu 4GB RAM 128GB Internal Storage 5,000mAh","1,619.00 Dhs",4.3,Samsung
1639009823-273,,,,"Nokia XR20 6.67"" 5G (6Go, 128Go) 48MP+13MP/8MP Android - Gris","5,990.00 Dhs",4,Nokia
1639009135-102,,,,"Oppo A15 - 6.52"" 32 Go ROM - 2 Go RAM - 8MP - BLACK","1,329.00 Dhs",4.3,Oppo
1639009395-149,,,,XIAOMI Mi 10T Lite - 5G - 6GB +128GB - 6.67''- 8K - 64MP - Snapdragon™  720G - Gris,"2,990.00 Dhs",null,XIAOMI
1639009368-140,,,,Samsung Galaxy A52 - 6.5'' - (8GB - 128GB)  -64MP+12MP+5MP+5MP/32MP+Kit + Band-Bleu,"3,550.00 Dhs",null,Samsung
1639009065-80,,,,"Ulefone Note 7, 1GB+16GB, Triple Back Cameras, Ecran Waterdrop.",780.00 Dhs,null,Ulefone
1639008893-54,,,,Samsung Galaxy A12 BLANC 4GB,"1,999.00 Dhs",null,Samsung
1639010535-432,,,,"Infinix Hot 10 Lite 6.6"" (3Go, 64Go) 13MP/8MP Android - Noir Minuit","1,249.00 Dhs",null,Infinix
1639009783-259,,,,"XIAOMI Redmi Note 9 - 6.53"" - 4Go - 128Go - 48MP - 5020mAh - Vert + Band","2,099.00 Dhs",4.3,XIAOMI
1639009775-256,,,,XIAOMI Redmi Note 8 - 6.3'' FHD - 4 Go - 64 Go ROM - Dual Sim - 48Mp -Blanc+ Kit + Band,"1,920.00 Dhs",null,XIAOMI
1639009948-308,,,,"Samsung Galaxy A03s bleu 4G + 64GB 6.5” HD 5,000mAh","1,449.00 Dhs",null,Samsung
1639009329-134,,,,"Ulefone Note 10 32Go+2Go Octa-Core, 6,52Pouce, 8MP AI Triple Cam Fingerprint et 5500mAh",975.00 Dhs,null,Ulefone
1639010306-390,,,,"Oppo A83 - 5.7"" - 64GB - 4GB - 13MP Camera - Dual SIM - 4G - Bleu","2,399.00 Dhs",4.5,Oppo
1639010077-347,,,,"Samsung Galaxy A02 ( 3GB RAM + 32GB ROM ) - Dual Sim- 6.5"" 5,000 mAh - Noir","1,199.00 Dhs",null,Samsung
1639009813-270,,,,"Oppo RENO 6Z - 5G - 6,4 ""Full HD +  (8Go, 128 Go) 64MP -  - AURORA +Kit + Band","4,199.00 Dhs",5,Oppo
1639010483-418,,,,"Ulefone Armor X3 Rugged Phone,Incassable 2GB+32GB Antichoc IP68/IP69K","1,050.00 Dhs",null,Ulefone
1639009853-284,,,,Infinix HOT 11S X6812 50MP + 2MP + 8MP - 128+4G - Polar black,"1,799.00 Dhs",null,Infinix
1639009611-212,,,,"Huawei Y6P 6.3"" (3Goo, 64Go) 13MP+5MP+2MP/8MP Android - Noir","1,449.00 Dhs",5,Huawei
1639009738-243,,,,"XIAOMI Mi 10T 6.67"" (8Go, 128Go) 64MP+13MP+5MP/20MP Android 10 -  Silver","3,790.00 Dhs",4,XIAOMI
1639009800-265,,,,"realme C11 (32+2Gb) 6.5"" -Dual Sim - 5000mAh - 13Mp+2Mp AI double caméra - Gris","1,249.00 Dhs",null,realme
1639010456-413,,,,"Ulefone Armor X8 Durabilité prouvée, degré de protection IP68/IP69K","1,590.00 Dhs",null,Ulefone
1639009028-72,,,,"Oppo A83 - 5.7"" - 64GB - 4GB - 13MP Camera - Dual SIM - 4G - Rouge","2,399.00 Dhs",4,Oppo
1639009360-137,,,,"Oppo A15 6.52"" 4G (3Go, 32Go) 13MP+2MP+2MP/5MP Android - Noir","1,389.00 Dhs",null,Oppo
1639010239-375,,,,Oppo A94 (8 Go + 128 Go) Amoled - 48MP - 16MP - Dual Sim - Purple,"2,899.00 Dhs",5,Oppo
1639009928-301,,,,"Samsung Galaxy S20 FE  - 128Go - 6Go  - 6.5""- 4500mAh- Bleu - Dual Sim","5,140.00 Dhs",null,Samsung
1639010591-443,,,,"Infinix Hot 10 Lite 6.6"" (3Go, 64Go) 13MP/8MP Android - Océan wave","1,249.00 Dhs",3.7,Infinix
1639009068-81,,,,One Plus OnePlus Nord N100 64Go 4Go RAM (Midnight forst),"1,999.00 Dhs",null,One Plus
1639010554-434,,,,"Ulefone Note 7, 1GB+16GB, Triple Back Cameras,Ecran Waterdrop.",780.00 Dhs,3,Ulefone
1639009895-289,,,,"Samsung Galaxy A02 ( 3GB RAM + 32GB ROM ) - Dual Sim- 6.5"" 5,000 mAh - Bleu","1,299.00 Dhs",null,Samsung
1639009942-306,,,,"Samsung Galaxy A72 6.7"" (256 Go, 8Go) Android 64MP+12MP+8MP+5MP/32MP- Noir + Kit + Band","4,780.00 Dhs",5,Samsung
1639009240-117,,,,Oppo A54 (4Go + 128Go) - Noir,"2,145.00 Dhs",null,Oppo
1639010547-433,,,,"Ulefone Armor X8 Efficacité durable,puissante batterie de 5080mAh IP68 IP69K, 4Go+64Go","1,590.00 Dhs",5,Ulefone
1639008713-5,,,,"Samsung Galaxy Z Fold3 5G (12Go, 256Go) - Black","17,490.00 Dhs",null,Samsung
1639009934-303,,,,"Oppo A15 6.52"" 4G (3Go, 32Go) 13MP+2MP+2MP/5MP Android - Noir","1,359.00 Dhs",null,Oppo
1639009713-234,,,,Samsung GALAXY M52 8Gb 128Gb 5G Bleu,"3,899.00 Dhs",null,Samsung
1639010138-352,,,,"realme C21Y 6,5 pouces ( 64Go 4Go RAM) Double SIM","1,499.00 Dhs",null,realme
1639009646-219,,,,"Samsung Galaxy Z Fold3 5G (12Go, 512Go) - Green","19,990.00 Dhs",null,Samsung
1639009770-254,,,,Vivo Y20 (3/64) 5000mAh Noir+ cadeaux (Booknote + écouteurs),"1,499.00 Dhs",null,Vivo
1639010620-454,,,,Infinix HOT10 Lite(3GB+64GB)/13MP/Ecran 6.6''HD+/Super charge 10W/5000mAh/Ocean Wave,"1,219.00 Dhs",4.2,Infinix
1639009802-266,,,,Vivo V20 (8/128) 44AF Selfie - Sunset Melody +Cadeaux(Booknote + Mug + Selfie Stick + cable),"4,399.00 Dhs",5,Vivo
1639010019-333,,,,XIAOMI Mi POCO X3 PRO - 6.67 '' ( 6 Go RAM - 128 Go) - Snapdragon 860G - 64 MP- Noir,"2,690.00 Dhs",4.5,XIAOMI
1639010146-355,,,,"Ulefone Note 7, 1GB+16GB, Triple Back Cameras 6.1 Inch Android 8.1 GO Smartphone - Green",825.00 Dhs,null,Ulefone
1639008838-45,,,,"Oppo RENO 5 - 6,4 ""Full HD +  (8Go, 128 Go) 64MP - Dual Sim - Noir","3,880.00 Dhs",null,Oppo
1639010623-455,,,,Vivo Y91c (2/32)  Noir Fusion + Cadeaux (Écouteurs),999.00 Dhs,5,Vivo
1639010295-386,,,,"Samsung Galaxy A03s  6.5”HD+ - 13MP - 4G + 64GB - 5,000mAh - Bleu + Band + Écouteur","1,599.00 Dhs",null,Samsung
1639010392-407,,,,"Vivo Y12s  - 6.51"" - 3Go - 32Go -  5000mAh - Glacier Blue","1,275.00 Dhs",1,Vivo
1639010303-389,,,,"XIAOMI Mi 11 Lite 6.55""  5G  (6Go, 128Go) 64MP+8MP+5MP/16MP - Pink","3,490.00 Dhs",null,XIAOMI
1639008765-25,,,,Itel A33 2019,829.00 Dhs,null,Itel
1639008744-17,,,,"XIAOMI Redmi 9 6.53"" (4Go, 64Go) 13 MP+8 MP+5 MP+2 MP/8 MP Android - Gris","1,790.00 Dhs",4.7,XIAOMI
1639009996-325,,,,XIAOMI Mi POCO X3 PRO - 6.67 '' ( 8 Go RAM - 256 Go) - Snapdragon 860G - 64 MP- Bronze,"2,990.00 Dhs",5,XIAOMI
1639009103-91,,,,"XIAOMI Redmi Note 10 - 5G  (4Go, 128Go) 48MP+2MP+2MP - Android - Bleu","2,499.00 Dhs",1,XIAOMI
1639008773-28,,,,XIAOMI Redmi Note 8  6.3°- Octa-core - 4GB - 64Go - 4k - Quad Camera 48 Mpx - Bleu,"2,090.00 Dhs",4.2,XIAOMI
1639009829-275,,,,"Nokia 3.4 6,39"" (4Go, 64Go) 13MP+5MP+2MP/8MP Android - Bleu","1,490.00 Dhs",4,Nokia
1639008788-34,,,,"Tecno W5 - 5.5"" - 4G/Dual SIM - 16 Go - 1 Go Ram - Android 6.0 - Gris","1,599.00 Dhs",null,Tecno
1639008978-63,,,,Ulefone Telephone Portable Incassable 8Go+128Go avec Imagerie Thermique Ulefone Armor 9,"5,700.00 Dhs",null,Ulefone
1639009851-283,,,,"XIAOMI Redmi Note 10  Pro - 6.67"" (8Go, 128Go)108MP/8MP-Dual Sim - Gris","3,280.00 Dhs",null,XIAOMI
1639008802-38,,,,"XIAOMI Redmi Note 10S - 6.43 "" (6Go,128Go) 64MP/8MP- Helio G95 - Dual Sim - Blanc","2,560.00 Dhs",null,XIAOMI
1639009945-307,,,,"Tecno Pop 2 F - 5,5 Pouces - 3G - 8 Mégapixels - Rom 16 Go - Ram 1 Go - 2400 Mah - noir",730.00 Dhs,null,Tecno
1639009358-136,,,,"Ulefone Armor X8 Efficacité durable,puissante batterie de 5080mAh IP68 IP69K, 4Go+64Go","1,590.00 Dhs",null,Ulefone
1639008930-58,,,,"Samsung Galaxy S20+ 6.7"" (128Go,8Go) Android 10 12MP+64MP","7,999.00 Dhs",null,Samsung
1639008716-6,,,,Téléphones Android,null,null,null
1639009109-93,,,,Oppo Reno4 (8Go + 128Go) + Gift (Power Bank 5000) - Noir,"3,599.00 Dhs",null,Oppo
1639010224-373,,,,"Oppo RENO 6Z - 5G - 6,4 ""Full HD +  (8Go, 128 Go) 64MP -  - AURORA","3,779.00 Dhs",1,Oppo
1639009845-281,,,,"Samsung Galaxy J8 6,0'' (64Go, 4Go) Double Camera 16 MP Android - Lavende","1,990.00 Dhs",3.5,Samsung
1639009980-319,,,,"Samsung Galaxy A72 6.7"" (256 Go, 8Go) Android 64MP+12MP+8MP+5MP/32MP- Blanc + Kit+ Band","4,990.00 Dhs",null,Samsung
1639009097-89,,,,"Oppo A74 - 6.43"" AMOLED ( 6Go - 128Go ) Dual Sim - Bleu + Tripod","2,790.00 Dhs",null,Oppo
1639009837-278,,,,"Huawei Y7a 6.67"" (4GB,128GB) Dual SIM 48MP+8MP+2MP+2MP/8MP - Vert","1,829.00 Dhs",2,Huawei
1639010041-339,,,,"XIAOMI Redmi 10 - 4G - 6.5"" - (4Go, 64Go) - 50MP/8MP - Android - Bleu + Band + Écouteur","2,099.00 Dhs",null,XIAOMI
1639009248-119,,,,"Oppo A54 6.5"" (4Go, 128Go) Android10 - 13MP+2MP+2MP/16MP - Noir cristal","2,149.00 Dhs",null,Oppo
1639010520-429,,,,Infinix Note 8i - 6Go RAM - 128 Go - Tranquil blue,"1,830.00 Dhs",4,Infinix
1639009789-261,,,,"Redmi Note 9  6.53"" - 4Go - 128Go - 48MP+8MP+5MP+2MP/16MP Dual Sim - Gris","1,999.00 Dhs",4.4,Redmi
1639008841-46,,,,XIAOMI Mi POCO X3 - 6.67 ' FHD + 128 Go- 6Go - Snapdragon 732G - 64 MP- Blue,"2,370.00 Dhs",null,XIAOMI
1639010200-369,,,,"XIAOMI POCO X3 GT 6.6"" 5G (8Go, 256Go) 64MP+8MP+2MP/16MP Android - Noir","3,880.00 Dhs",null,XIAOMI
1639009031-73,,,,"Tecno Pop 2 F - 5,5 Pouces - 3G - 8 Mégapixels - Rom 16 Go - Ram 1 Go - 2400 Mah - Gold",745.00 Dhs,null,Tecno
1639010703-476,,,,"XIAOMI Redmi 10 4G 6.5"" (4Go, 64Go) 50MP++8MP+2MP+2MP/8MP Android - Gris","1,669.00 Dhs",4.7,XIAOMI
1639010398-409,,,,"Samsung Galaxy S10 Plus (128Go, 8Go)  Bleu Ciel - Remise à neuf / 6mois de Garantie","3,999.00 Dhs",null,Samsung
1639010036-337,,,,"Samsung Galaxy A12 6.5"" (128Go, 4Go) 48MP+5MP+2MP/8MP Android 10 - Noir","1,747.90 Dhs",4.7,Samsung
1639008729-11,,,,Samsung GALAXY M52 8Gb 128Gb 5G Black,"3,990.00 Dhs",null,Samsung
1639009204-113,,,,"TCL 10SE  6,52"" (4Go, 128Go) 48MP + 5MP + 2MP Android - Argent","1,699.00 Dhs",null,TCL
1639009464-168,,,,"Huawei Y8S - 6.5"" - 4GB - 64GB - 48MP - 4000mAh - Dual Card - Noir","1,949.00 Dhs",5,Huawei
1639009294-127,,,,"Hotwav Smartphone 5"" Venus X18 4G- 8Gb Ram 1Go Dual Sim Android 7.0 +Case+Screen -Red",785.00 Dhs,null,Hotwav
1639008710-4,,,,"Huawei Y7a 6.67"" (4GB,128GB) Dual SIM 48MP+8MP+2MP+2MP/8MP - Noir Minuit","1,799.00 Dhs",null,Huawei
1639008724-9,,,,XIAOMI Mi POCO X3 NFC - 6.67 ' FHD + 128 Go- 6Go - Snapdragon 732G - 64 MP- Black,"2,799.00 Dhs",null,XIAOMI
1639009034-74,,,,XIAOMI Mi POCO X3 - 6.67 ' FHD + 128 Go- 6Go - Snapdragon 732G - 64MP- Gris,"2,380.00 Dhs",5,XIAOMI
1639009531-190,,,,"XIAOMI Redmi Note 10  Pro - 6.67"" (8Go, 128Go)108MP/8MP-Dual Sim - Bleu + Kit + Band","3,240.00 Dhs",5,XIAOMI
1639009553-193,,,,"XIAOMI Redmi 9C 6.53"" (3Go, 64Go) Android 13MP+2MP+2MP/5MP - Noir","1,653.00 Dhs",4,XIAOMI
1639009475-171,,,,"Samsung Galaxy A12 - 6.5"" - 64Go - 4Go - Android 10 - 5000mAh - Noir + Band + Ècouteur","1,799.00 Dhs",4,Samsung
1639010154-358,,,,Oppo A94 (8Go + 128Go) - Violet,"2,999.00 Dhs",null,Oppo
1639009237-116,,,,"Oppo A52 6.5"" (4Go, 128Go) 12MP + 8MP + 2MP +2MP/16MP Android - Blanc","2,350.00 Dhs",null,Oppo
1639008760-23,,,,"Oppo RENO 5 - 6,4 ""Full HD + (8Go, 128 Go) Android 11.0 - Dual Sim - Starry Black","3,739.00 Dhs",null,Oppo
1639010687-470,,,,"XIAOMI Redmi 10 4G 6.5"" (4Go, 128Go) 50MP++8MP+2MP+2MP/8MP Android - Blanc","1,819.00 Dhs",4.6,XIAOMI
1639010465-415,,,,"Oppo A15 6.52"" 4G (3Go, 32Go) 13MP+2MP+2MP/5MP Android - Bleu","1,399.00 Dhs",5,Oppo
1639010243-376,,,,Oppo A94 (8Go + 128Go) - Noir,"2,899.00 Dhs",null,Oppo
1639010681-468,,,,"XIAOMI Redmi 10 4G 6.5"" (4Go, 128Go) 50MP++8MP+2MP+2MP/8MP Android - Bleu","1,819.00 Dhs",4.2,XIAOMI
1639009625-216,,,,Samsung Galaxy A52S - 5G - 6.5'' - (8GB - 256GB)  -64MP+12MP+5MP+5MP/32MP- 5G -Noir,"4,280.00 Dhs",null,Samsung
1639009100-90,,,,"Samsung Galaxy S20 Ultra 6.9"" (128Go,12Go) Android 10 -Gris - 1 an de garantie","8,999.00 Dhs",null,Samsung
1639009740-244,,,,Samsung Galaxy A52S - 5G - 6.5'' - (8GB - 256GB)  -64MP+12MP+5MP+5MP/32MP- 5G -Noir,"4,280.00 Dhs",null,Samsung
1639009049-79,,,,"Oppo A7 6.2"" 4G (64Go, 3Go) Android 8.1 13MP+2MP/16MP - Gold","1,699.00 Dhs",5,Oppo
1639009733-241,,,,"Oppo RENO 5 - 6,4 ""Full HD +  (8Go, 128 Go) 64MP - Dual Sim +Kit + Band - Noir","3,899.00 Dhs",5,Oppo
1639010657-459,,,,"Samsung Galaxy A12 BLANC 4GB RAM 128GB 6.5” HD 5,000mAh - BLANC","1,609.00 Dhs",4.4,Samsung
1639009428-155,,,,"Ulefone Armor X8 Durabilité prouvée, 4GB 64GB, degré de protection IP68/IP69K Noir","1,590.00 Dhs",null,Ulefone
1639010488-420,,,,"Oppo RENO 6Z - 5G (8Go, 128 Go) 64MP - Double SIM-Aurore + Baf + Anti Mostique","3,999.00 Dhs",null,Oppo
1639010166-360,,,,"Ulefone Armor X8 Efficacité durable,puissante batterie de 5080mAh IP68 IP69K, 4Go+64Go","1,590.00 Dhs",5,Ulefone
1639009911-295,,,,"XIAOMI Redmi Note 10S 6,43"" (6Go, 128Go) - 64MP - Android 11 - Violet + Band + Écouteur","2,699.00 Dhs",null,XIAOMI
1639010364-398,,,,"XIAOMI Redmi 10 6,43"" (4Go, 128Go) 50MP+8MP+2MP+2MP/8MP Android - Blanc","1,920.00 Dhs",null,XIAOMI
1639010615-452,,,,"Samsung Galaxy A52 6.5"" (8Go, 128Go) 64MP+12MP+5MP+5MP/32MP Android - Noir","3,349.00 Dhs",4.5,Samsung
1639009716-235,,,,"XIAOMI Redmi Note 8 4G 6.3"" (4Go, 64Go) Android - Bleu","2,199.00 Dhs",4.4,XIAOMI
1639009963-314,,,,"Samsung Galaxy Note 10 Lite  6.7"" (128Go, 8Go) 12MP+12MP+12MP/32MP - Aura +Band + Kit","4,490.00 Dhs",null,Samsung
1639009503-180,,,,"Vivo Y91c (2Go,32Go) Rouge Soleil + Cadeaux (Écouteurs)",999.00 Dhs,null,Vivo
1639009797-264,,,,"XIAOMI Redmi Note 9 Pro 6.67"" (6Go, 128Go) 64MP - 32 MP Selfi - Gris  + Kit + Band","2,690.00 Dhs",null,XIAOMI
1639009234-115,,,,"XIAOMI Redmi Note 10S 6,43"" (6Go, 128Go) - 64MP - Android 11 - Gris + Band + Écouteur","2,699.00 Dhs",null,XIAOMI
1639010507-426,,,,"Ulefone Note 7, 1GB+16GB, Triple Back Cameras, Ecran Waterdrop.",780.00 Dhs,null,Ulefone
1639009390-147,,,,"Samsung Galaxy A03s blanc 4G + 64GB 6.5” HD 5,000mAh","1,449.00 Dhs",null,Samsung
1639009953-310,,,,Samsung Note 20 Ultra 8GB/256GB Mysthic Bronze,"9,500.00 Dhs",null,Samsung
1639009595-206,,,,Oppo A74 (6Go + 128Go) - Bleu,"2,699.00 Dhs",null,Oppo
1639010206-371,,,,"XIAOMI Redmi 9T (4Go+128Go) 48MP 6000 mAh -FHD+ 6.53""-Snapdragon - Gris +Kit+ Band","1,999.00 Dhs",3.2,XIAOMI
1639010055-343,,,,realme C11 2021 (32+2Gb) 6.5″ – 5000mAh – 13Mp+2Mp AI + werelles  ecouteurs,"1,239.00 Dhs",null,realme
1639010607-449,,,,Itel SMARTPHONE A37 16GB + 1GB ROM  Vert,707.00 Dhs,null,Itel
